﻿<?xml version="1.0" encoding="utf-8"?>
<TextureAtlas>
    <Texture>images/atlas</Texture>
    <Regions>
        <Region name="slime-1" x="340" y="0" width="20" height="20" />
        <Region name="slime-2" x="340" y="20" width="20" height="20" />
        <Region name="bat-1" x="340" y="40" width="20" height="20" />
        <Region name="bat-2" x="340" y="60" width="20" height="20" />
        <Region name="bat-3" x="360" y="0" width="20" height="20" />
        <Region name="unfocused-button" x="259" y="80" width="65" height="14" />
        <Region name="focused-button-1" x="259" y="94" width="65" height="14" />
        <Region name="focused-button-2" x="259" y="109" width="65" height="14" />
        <Region name="panel-background" x="324" y="97" width="15" height="15" />
        <Region name="slider-off-background" x="341" y="96" width="11" height="10" />
        <Region name="slider-middle-background" x="345" y="81" width="3" height="3" />
        <Region name="slider-max-background" x="354" y="96" width="11" height="10" />
    </Regions>
    <Animations>
        <Animation name="slime-animation" delay="200">
            <Frame region="slime-1" />
            <Frame region="slime-2" />
        </Animation>
        <Animation name="bat-animation" delay="200">
            <Frame region="bat-1" />
            <Frame region="bat-2" />
            <Frame region="bat-1" />
            <Frame region="bat-3" />
        </Animation>
        <Animation name="focused-button-animation" delay="300">
            <Frame region="focused-button-1" />
            <Frame region="focused-button-2" />
        </Animation>
    </Animations>
</TextureAtlas>
